Techstack,ApplyLink
"React, Node.js, MongoDB",https://minav.xyz/q-vuejs-react-node-mongodb-js-jobs.html
"Angular,.NET, SQL Server",https://minav.xyz/jobs/.net-developer-sql-server-angularjs-jobs-pune
"Vue.js, Ruby on Rails, PostgreSQL",https://minav.xyz/jobs/vue-js
"Python, Django, MySQL",https://minav.xyz/jobs?q=python+django+mysql
"Java, Spring Boot, Oracle",https://minav.xyz/jobs?q=java+spring+boot+oracle
"Flutter, Firebase, GraphQL",https://minav.xyz/jobs?q=flutter+firebase+graphql
"WordPress, PHP, MySQL",https://minav.xyz/jobs?q=wordpress+php+mysql
"Magento, PHP, MySQL",https://minav.xyz/jobs?q=magento+php+mysql
"React Native, Node.js, MongoDB",https://minav.xyz/jobs?q=react+native+node+mongodb
"iOS, Swift, Core Data",https://minav.xyz/jobs?q=ios+swift+core+data
"Android, Java, Room Persistence",https://minav.xyz/jobs?q=android+java+room
"Kotlin, Android, Firebase",https://minav.xyz/jobs?q=kotlin+android+firebase
"Android TV, Kotlin, Android NDK",https://minav.xyz/jobs?q=android+tv+kotlin+ndk
"iOS, Swift, ARKit",https://minav.xyz/jobs?q=ios+swift+arkit
"Cross-platform, Xamarin, Azure",https://minav.xyz/jobs?q=xamarin+azure
"Backend, Kotlin, Spring Boot",https://minav.xyz/jobs?q=kotlin+spring+boot
"Frontend, TypeScript, Angular",https://minav.xyz/jobs?q=typescript+angular
"Full-stack, JavaScript, Express.js",https://minav.xyz/jobs?q=full+stack+javascript+express
"Machine Learning, Python, TensorFlow",https://minav.xyz/jobs?q=machine+learning+python+tensorflow
"DevOps, Jenkins, Docker",https://minav.xyz/jobs?q=devops+jenkins+docker
